[
    {
        "type": "message",
        "subtype": "channel_join",
        "ts": "1642776224.000200",
        "user": "U02V4D5M2MA",
        "text": "<@U02V4D5M2MA> has joined the channel"
    },
    {
        "type": "message",
        "subtype": "bot_add",
        "text": "added an integration to this channel: <https:\/\/attila180.slack.com\/services\/B030BVAD708|Statuspage>",
        "user": "U02V4D5M2MA",
        "bot_id": "B030BVAD708",
        "bot_link": "<https:\/\/attila180.slack.com\/services\/B030BVAD708|Statuspage>",
        "ts": "1642777251.000500"
    },
    {
        "type": "message",
        "subtype": "bot_message",
        "text": "You'll get Opsgenie status updates in this channel.",
        "ts": "1642777253.000600",
        "username": "Opsgenie Status",
        "bot_id": "B02V28JUKV1",
        "blocks": [
            {
                "type": "section",
                "block_id": "huTw3",
                "text": {
                    "type": "mrkdwn",
                    "text": "You'll get Opsgenie status updates in this channel.",
                    "verbatim": false
                }
            },
            {
                "type": "context",
                "block_id": "yvt",
                "elements": [
                    {
                        "type": "mrkdwn",
                        "text": "<https:\/\/opsgenie.status.atlassian.com|View status page>  |  <https:\/\/opsgenie.status.atlassian.com\/?unsubscribe=m7tl58wgj6p4|Unsubscribe>",
                        "verbatim": false
                    }
                ]
            }
        ]
    }
]