[
{
    "id": "C02UVDTPB6J",
    "name": "general",
    "created": 1642776224,
    "creator": "U02V4D5M2MA",
    "is_archived": false,
    "is_general": true,
    "members": [
        "U02UZ6WUWJH",
        "U02V4D5M2MA"
    ],
    "topic": {
        "value": "",
        "creator": "",
        "last_set": 0
    },
    "purpose": {
        "value": "This is the one channel that will always include everyone. It’s a great spot for announcements and team-wide conversations.",
        "creator": "U02V4D5M2MA",
        "last_set": 1642776224
    }
},
{
    "id": "C02UVDTQBK8",
    "name": "update",
    "created": 1642776224,
    "creator": "U02V4D5M2MA",
    "is_archived": false,
    "is_general": false,
    "members": [
        "U02UZ6WUWJH",
        "U02V4D5M2MA",
        "U030BVAF0RE"
    ],
    "topic": {
        "value": "Feco-Ati--everybody-company",
        "creator": "U02V4D5M2MA",
        "last_set": 1643463138
    },
    "purpose": {
        "value": "F-A2015",
        "creator": "U02V4D5M2MA",
        "last_set": 1643463138
    }
},
{
    "id": "C02V245RSKU",
    "name": "random",
    "created": 1642776224,
    "creator": "U02V4D5M2MA",
    "is_archived": false,
    "is_general": false,
    "members": [
        "U02UZ6WUWJH",
        "U02V4D5M2MA"
    ],
    "topic": {
        "value": "",
        "creator": "",
        "last_set": 0
    },
    "purpose": {
        "value": "This channel is for... well, everything else. It’s a place for team jokes, spur-of-the-moment ideas, and funny GIFs. Go wild!",
        "creator": "U02V4D5M2MA",
        "last_set": 1642776224
    }
}
]