[
{"id":"U02UZ6WUWJH","team_id":"T02UVDTN7QE","name":"szabo.f3r3nc","deleted":false,"color":"4bbe2e","real_name":"Szabo F3r3nc","tz":"America\/Los_Angeles","tz_label":"Pacific Standard Time","tz_offset":-28800,"profile":{"title":"","phone":"","skype":"","real_name":"Szabo F3r3nc","real_name_normalized":"Szabo F3r3nc","display_name":"","display_name_normalized":"","fields":null,"status_text":"","status_emoji":"","status_emoji_display_info":[],"status_expiration":0,"avatar_hash":"g92776e4dafc","email":"szabo.f3r3nc@icloud.com","first_name":"Szabo","last_name":"F3r3nc","image_24":"https:\/\/secure.gravatar.com\/avatar\/92776e4dafc902357cfd94c873a885f5.jpg?s=24&d=https%3A%2F%2Fa.slack-edge.com%2Fdf10d%2Fimg%2Favatars%2Fava_0018-24.png","image_32":"https:\/\/secure.gravatar.com\/avatar\/92776e4dafc902357cfd94c873a885f5.jpg?s=32&d=https%3A%2F%2Fa.slack-edge.com%2Fdf10d%2Fimg%2Favatars%2Fava_0018-32.png","image_48":"https:\/\/secure.gravatar.com\/avatar\/92776e4dafc902357cfd94c873a885f5.jpg?s=48&d=https%3A%2F%2Fa.slack-edge.com%2Fdf10d%2Fimg%2Favatars%2Fava_0018-48.png","image_72":"https:\/\/secure.gravatar.com\/avatar\/92776e4dafc902357cfd94c873a885f5.jpg?s=72&d=https%3A%2F%2Fa.slack-edge.com%2Fdf10d%2Fimg%2Favatars%2Fava_0018-72.png","image_192":"https:\/\/secure.gravatar.com\/avatar\/92776e4dafc902357cfd94c873a885f5.jpg?s=192&d=https%3A%2F%2Fa.slack-edge.com%2Fdf10d%2Fimg%2Favatars%2Fava_0018-192.png","image_512":"https:\/\/secure.gravatar.com\/avatar\/92776e4dafc902357cfd94c873a885f5.jpg?s=512&d=https%3A%2F%2Fa.slack-edge.com%2Fdf10d%2Fimg%2Favatars%2Fava_0018-512.png","status_text_canonical":"","team":"T02UVDTN7QE"},"is_admin":false,"is_owner":false,"is_primary_owner":false,"is_restricted":false,"is_ultra_restricted":false,"is_bot":false,"is_app_user":false,"updated":1642776281,"is_email_confirmed":false,"who_can_share_contact_card":"EVERYONE","is_invited_user":true},
{"id":"U02V4D5M2MA","team_id":"T02UVDTN7QE","name":"attila.bardos","deleted":false,"color":"9f69e7","real_name":"Attila Bardos","tz":"Europe\/Belgrade","tz_label":"Central European Time","tz_offset":3600,"profile":{"title":"learning","phone":"+36301757431","skype":"","real_name":"Attila Bardos","real_name_normalized":"Attila Bardos","display_name":"Attila180","display_name_normalized":"Attila180","fields":null,"status_text":"I am ready","status_emoji":":speech_balloon:","status_emoji_display_info":[],"status_expiration":0,"avatar_hash":"b9fdf5058e49","image_original":"https:\/\/avatars.slack-edge.com\/2022-01-21\/2973553306855_b9fdf5058e4915af3bb4_original.png","is_custom_image":true,"email":"attila.bardos@icloud.com","first_name":"Attila","last_name":"Bardos","image_24":"https:\/\/avatars.slack-edge.com\/2022-01-21\/2973553306855_b9fdf5058e4915af3bb4_24.png","image_32":"https:\/\/avatars.slack-edge.com\/2022-01-21\/2973553306855_b9fdf5058e4915af3bb4_32.png","image_48":"https:\/\/avatars.slack-edge.com\/2022-01-21\/2973553306855_b9fdf5058e4915af3bb4_48.png","image_72":"https:\/\/avatars.slack-edge.com\/2022-01-21\/2973553306855_b9fdf5058e4915af3bb4_72.png","image_192":"https:\/\/avatars.slack-edge.com\/2022-01-21\/2973553306855_b9fdf5058e4915af3bb4_192.png","image_512":"https:\/\/avatars.slack-edge.com\/2022-01-21\/2973553306855_b9fdf5058e4915af3bb4_512.png","image_1024":"https:\/\/avatars.slack-edge.com\/2022-01-21\/2973553306855_b9fdf5058e4915af3bb4_1024.png","status_text_canonical":"","team":"T02UVDTN7QE"},"is_admin":true,"is_owner":true,"is_primary_owner":true,"is_restricted":false,"is_ultra_restricted":false,"is_bot":false,"is_app_user":false,"updated":1643462607,"is_email_confirmed":true,"who_can_share_contact_card":"EVERYONE"},
{"id":"U030BVAF0RE","team_id":"T02UVDTN7QE","name":"statuspage","deleted":false,"color":"e7392d","real_name":"Statuspage","tz":"America\/Los_Angeles","tz_label":"Pacific Standard Time","tz_offset":-28800,"profile":{"title":"","phone":"","skype":"","real_name":"Statuspage","real_name_normalized":"Statuspage","display_name":"","display_name_normalized":"","fields":null,"status_text":"","status_emoji":"","status_emoji_display_info":[],"status_expiration":0,"avatar_hash":"089d99bfe4f9","api_app_id":"A018LTP1YH4","always_active":true,"image_original":"https:\/\/avatars.slack-edge.com\/2022-01-21\/3000900982017_089d99bfe4f9d0f28293_original.png","is_custom_image":true,"bot_id":"B02V28JUKV1","first_name":"Statuspage","last_name":"","image_24":"https:\/\/avatars.slack-edge.com\/2022-01-21\/3000900982017_089d99bfe4f9d0f28293_24.png","image_32":"https:\/\/avatars.slack-edge.com\/2022-01-21\/3000900982017_089d99bfe4f9d0f28293_32.png","image_48":"https:\/\/avatars.slack-edge.com\/2022-01-21\/3000900982017_089d99bfe4f9d0f28293_48.png","image_72":"https:\/\/avatars.slack-edge.com\/2022-01-21\/3000900982017_089d99bfe4f9d0f28293_72.png","image_192":"https:\/\/avatars.slack-edge.com\/2022-01-21\/3000900982017_089d99bfe4f9d0f28293_192.png","image_512":"https:\/\/avatars.slack-edge.com\/2022-01-21\/3000900982017_089d99bfe4f9d0f28293_512.png","image_1024":"https:\/\/avatars.slack-edge.com\/2022-01-21\/3000900982017_089d99bfe4f9d0f28293_1024.png","status_text_canonical":"","team":"T02UVDTN7QE"},"is_admin":false,"is_owner":false,"is_primary_owner":false,"is_restricted":false,"is_ultra_restricted":false,"is_bot":true,"is_app_user":false,"updated":1642777254,"is_email_confirmed":false,"who_can_share_contact_card":"EVERYONE"}
]