[
    {
        "type": "message",
        "subtype": "channel_topic",
        "ts": "1643463138.188229",
        "user": "U02V4D5M2MA",
        "text": "set the channel topic: Feco-Ati--everybody-company",
        "topic": "Feco-Ati--everybody-company"
    },
    {
        "type": "message",
        "subtype": "channel_purpose",
        "ts": "1643463138.284659",
        "user": "U02V4D5M2MA",
        "text": "set the channel description: F-A2015",
        "purpose": "F-A2015"
    },
    {
        "type": "message",
        "subtype": "channel_join",
        "ts": "1643463239.799789",
        "user": "U030BVAF0RE",
        "text": "<@U030BVAF0RE> has joined the channel",
        "inviter": "U02V4D5M2MA"
    }
]